instance,hashValue
inst-1-1965286212.dzn,c7d8b6404c93720979fc5f9f841af49d
inst-1-601225362.dzn,808e985ed95c0434d9e4817181079d35
inst-10-510416220.dzn,6518dc7039a507407515cbe01e32520b
inst-10-735527639.dzn,e1175f480f0fe616b0fcec49bbb414eb
inst-11-1489266180.dzn,4565aa2c70c93744dc46760f333ec62a
inst-11-735527639.dzn,8e6728b1523e7862d5a1dc03a005c584
inst-12-510416220.dzn,a574d8776b7abdcaf109c7203ecc7024
inst-12-735527639.dzn,ef7acb5efe256d8426c74ff4f550c1c4
inst-13-1222707704.dzn,6eb655a3c7a5262827f042a534516233
inst-13-735527639.dzn,a1e723bdbe9a957787ec062a92946dc2
inst-2-1965286212.dzn,e65225ff722ef6c85e0a6ad1d2e2dd81
inst-2-601225362.dzn,909ef28bb375ce4c44c69602583b8ae8
inst-3-1965286212.dzn,2fc1eef5a2dc4c43a87012f95427b482
inst-4-1489266180.dzn,83efabf131bfa9a769383f609f2d12fe
inst-4-1965286212.dzn,350e9ae758e928cb4b0d01ba05cf8d47
inst-5-1965286212.dzn,8624aafe82135f5fcaf6d6fd74f95155
inst-5-601225362.dzn,a4c9cc48007219ed5c036612ca6b0338
inst-6-1965286212.dzn,8126fcd33f769fa0f858a241e978ab94
inst-6-601225362.dzn,fd737b9b15f7721541415aed8007c2d4
inst-7-1965286212.dzn,6d4d7af3661a6dadbc3e20e345de7f2a
inst-8-1489266180.dzn,60ce95aa3d720f02fd75577592576ecc
inst-8-735527639.dzn,7a9958736c25f5441ecb410e7a85ef29
inst-9-1222707704.dzn,f8dcadce22817d39e8120cb80d411964
inst-9-1489266180.dzn,28c069d7bca28ff35902fb3f2d067834
inst-9-510416220.dzn,208d2c8014aad483feadddac62f1ce51
inst-9-601225362.dzn,fb6272324bd892af516d77b9e06b4811
inst-9-735527639.dzn,8059dd684b058ca652a6a537a2119624
